PolicyNumber,PolEffDate,PolExpDt,WprmAmt,Coverages
100001,1-Jan-2019,1-Jan-2023,3693.62,cov1
100002,2-Jan-2019,2-Jan-2023,4000.63,cov2
100003,3-Jan-2019,3-Jan-2023,4307.64,cov3
100004,4-Jan-2019,4-Jan-2023,4614.65,cov4
100005,5-Jan-2019,5-Jan-2023,4921.66,cov5
100006,6-Jan-2019,6-Jan-2023,5228.67,cov6
100007,7-Jan-2019,7-Jan-2023,5535.68,cov7
100008,8-Jan-2019,8-Jan-2023,5842.69,cov8
100009,9-Jan-2019,9-Jan-2023,6149.7,cov9
100010,10-Jan-2019,10-Jan-2023,6456.71,cov10
100011,11-Jan-2019,11-Jan-2023,6763.72,cov11
100012,12-Jan-2019,12-Jan-2023,7070.73,cov12
100013,13-Jan-2019,13-Jan-2023,7377.74,cov13
100014,14-Jan-2019,14-Jan-2023,7684.75,cov14
100015,15-Jan-2019,15-Jan-2023,7991.76,cov15
100016,16-Jan-2019,16-Jan-2023,8298.77,cov16
100017,17-Jan-2019,17-Jan-2023,8605.78,cov17
100018,18-Jan-2019,18-Jan-2023,8912.79,cov18
100019,19-Jan-2019,19-Jan-2023,9219.8,cov19
100020,20-Jan-2019,20-Jan-2023,9526.81,cov20
100021,21-Jan-2019,21-Jan-2023,9833.82,cov21
100022,22-Jan-2019,22-Jan-2023,10140.83,cov22
100023,23-Jan-2019,23-Jan-2023,10447.84,cov23
100024,24-Jan-2019,24-Jan-2023,10754.85,cov24
100025,25-Jan-2019,25-Jan-2023,11061.86,cov25
100026,26-Jan-2019,26-Jan-2023,11368.87,cov26
100027,27-Jan-2019,27-Jan-2023,11675.88,cov27
100028,28-Jan-2019,28-Jan-2023,11982.89,cov28
100029,29-Jan-2019,29-Jan-2023,12289.9,cov29
100030,30-Jan-2019,30-Jan-2023,12596.91,cov30
100031,31-Jan-2019,31-Jan-2023,12903.92,cov31
100032,1-Feb-2019,1-Feb-2023,13210.93,cov32
100033,2-Feb-2019,2-Feb-2023,13517.94,cov33
100034,3-Feb-2019,3-Feb-2023,13824.95,cov34
100035,4-Feb-2019,4-Feb-2023,14131.96,cov35
100036,5-Feb-2019,5-Feb-2023,14438.97,cov36
100037,6-Feb-2019,6-Feb-2023,14745.98,cov37
100038,7-Feb-2019,7-Feb-2023,15052.99,cov38
100039,8-Feb-2019,8-Feb-2023,15360,cov39
100040,9-Feb-2019,9-Feb-2023,15667.01,cov40
100041,10-Feb-2019,10-Feb-2023,15974.02,cov41
100042,11-Feb-2019,11-Feb-2023,16281.03,cov42
100043,12-Feb-2019,12-Feb-2023,16588.04,cov43
100044,13-Feb-2019,13-Feb-2023,16895.05,cov44
100045,14-Feb-2019,14-Feb-2023,17202.06,cov45
100046,15-Feb-2019,15-Feb-2023,17509.07,cov46
100047,16-Feb-2019,16-Feb-2023,17816.08,cov47
100048,17-Feb-2019,17-Feb-2023,18123.09,cov48
100049,18-Feb-2019,18-Feb-2023,18430.1,cov49
100050,19-Feb-2019,19-Feb-2023,18737.11,cov50
100051,20-Feb-2019,20-Feb-2023,19044.12,cov51
100052,21-Feb-2019,21-Feb-2023,19351.13,cov52
100053,22-Feb-2019,22-Feb-2023,19658.14,cov53
100054,23-Feb-2019,23-Feb-2023,19965.15,cov54
100055,24-Feb-2019,24-Feb-2023,20272.16,cov55
100056,25-Feb-2019,25-Feb-2023,20579.17,cov56
100057,26-Feb-2019,26-Feb-2023,20886.18,cov57
100058,27-Feb-2019,27-Feb-2023,21193.19,cov58
100059,28-Feb-2019,28-Feb-2023,21500.2,cov59
100060,1-Mar-2019,1-Mar-2023,21807.21,cov60
100061,2-Mar-2019,2-Mar-2023,22114.22,cov61
100062,3-Mar-2019,3-Mar-2023,22421.23,cov62
100063,4-Mar-2019,4-Mar-2023,22728.24,cov63
100064,5-Mar-2019,5-Mar-2023,23035.25,cov64
100065,6-Mar-2019,6-Mar-2023,23342.26,cov65
100066,7-Mar-2019,7-Mar-2023,23649.27,cov66
100067,8-Mar-2019,8-Mar-2023,23956.28,cov67
100068,9-Mar-2019,9-Mar-2023,24263.29,cov68
100069,10-Mar-2019,10-Mar-2023,24570.3,cov69
100070,11-Mar-2019,11-Mar-2023,24877.31,cov70
100071,12-Mar-2019,12-Mar-2023,25184.32,cov71
100072,13-Mar-2019,13-Mar-2023,25491.33,cov72
100073,14-Mar-2019,14-Mar-2023,25798.34,cov73
100074,15-Mar-2019,15-Mar-2023,26105.35,cov74
100075,16-Mar-2019,16-Mar-2023,26412.36,cov75
100076,17-Mar-2019,17-Mar-2023,26719.37,cov76
100077,18-Mar-2019,18-Mar-2023,27026.38,cov77
100078,19-Mar-2019,19-Mar-2023,27333.39,cov78
100079,20-Mar-2019,20-Mar-2023,27640.4,cov79
100080,21-Mar-2019,21-Mar-2023,27947.41,cov80
100081,22-Mar-2019,22-Mar-2023,28254.42,cov81
100082,23-Mar-2019,23-Mar-2023,28561.43,cov82
100083,24-Mar-2019,24-Mar-2023,28868.44,cov83
100084,25-Mar-2019,25-Mar-2023,29175.45,cov84
100085,26-Mar-2019,26-Mar-2023,29482.46,cov85
100086,27-Mar-2019,27-Mar-2023,29789.47,cov86
100087,28-Mar-2019,28-Mar-2023,30096.48,cov87
100088,29-Mar-2019,29-Mar-2023,30403.49,cov88
100089,30-Mar-2019,30-Mar-2023,30710.5,cov89
100090,31-Mar-2019,31-Mar-2023,31017.51,cov90
100091,1-Apr-2019,1-Apr-2023,31324.52,cov91
100092,2-Apr-2019,2-Apr-2023,31631.53,cov92
100093,3-Apr-2019,3-Apr-2023,31938.54,cov93
100094,4-Apr-2019,4-Apr-2023,32245.55,cov94
100095,5-Apr-2019,5-Apr-2023,32552.56,cov95
100096,6-Apr-2019,6-Apr-2023,32859.57,cov96
100097,7-Apr-2019,7-Apr-2023,33166.58,cov97
100098,8-Apr-2019,8-Apr-2023,33473.59,cov98
100099,9-Apr-2019,9-Apr-2023,33780.6,cov99
100100,10-Apr-2019,10-Apr-2023,34087.61,cov100
100101,11-Apr-2019,11-Apr-2023,34394.62,cov101
100102,12-Apr-2019,12-Apr-2023,34701.63,cov102
100103,13-Apr-2019,13-Apr-2023,35008.64,cov103
100104,14-Apr-2019,14-Apr-2023,35315.65,cov104
100105,15-Apr-2019,15-Apr-2023,35622.66,cov105
100106,16-Apr-2019,16-Apr-2023,35929.67,cov106
100107,17-Apr-2019,17-Apr-2023,36236.68,cov107
100108,18-Apr-2019,18-Apr-2023,36543.69,cov108
100109,19-Apr-2019,19-Apr-2023,36850.7,cov109
100110,20-Apr-2019,20-Apr-2023,37157.71,cov110
100111,21-Apr-2019,21-Apr-2023,37464.72,cov111
100112,22-Apr-2019,22-Apr-2023,37771.73,cov112
100113,23-Apr-2019,23-Apr-2023,38078.74,cov113
100114,24-Apr-2019,24-Apr-2023,38385.75,cov114
100115,25-Apr-2019,25-Apr-2023,38692.76,cov115
100116,26-Apr-2019,26-Apr-2023,38999.77,cov116
100117,27-Apr-2019,27-Apr-2023,39306.78,cov117
100118,28-Apr-2019,28-Apr-2023,39613.79,cov118
100119,29-Apr-2019,29-Apr-2023,39920.8,cov119
100120,30-Apr-2019,30-Apr-2023,40227.81,cov120
100121,1-May-2019,1-May-2023,40534.82,cov121
100122,2-May-2019,2-May-2023,40841.83,cov122
100123,3-May-2019,3-May-2023,41148.84,cov123
100124,4-May-2019,4-May-2023,41455.85,cov124
100125,5-May-2019,5-May-2023,41762.86,cov125
100126,6-May-2019,6-May-2023,42069.87,cov126
100127,7-May-2019,7-May-2023,42376.88,cov127
100128,8-May-2019,8-May-2023,42683.89,cov128
100129,9-May-2019,9-May-2023,42990.9,cov129
100130,10-May-2019,10-May-2023,43297.91,cov130
100131,11-May-2019,11-May-2023,43604.92,cov131
100132,12-May-2019,12-May-2023,43911.93,cov132
100133,13-May-2019,13-May-2023,44218.94,cov133
100134,14-May-2019,14-May-2023,44525.95,cov134
100135,15-May-2019,15-May-2023,44832.96,cov135
100136,16-May-2019,16-May-2023,45139.97,cov136
100137,17-May-2019,17-May-2023,45446.98,cov137
100138,18-May-2019,18-May-2023,45753.99,cov138
100139,19-May-2019,19-May-2023,46061,cov139
100140,20-May-2019,20-May-2023,46368.01,cov140
100141,21-May-2019,21-May-2023,46675.02,cov141
100142,22-May-2019,22-May-2023,46982.03,cov142
100143,23-May-2019,23-May-2023,47289.04,cov143
100144,24-May-2019,24-May-2023,47596.05,cov144
100145,25-May-2019,25-May-2023,47903.06,cov145
100146,26-May-2019,26-May-2023,48210.07,cov146
100147,27-May-2019,27-May-2023,48517.08,cov147
100148,28-May-2019,28-May-2023,48824.09,cov148
100149,29-May-2019,29-May-2023,49131.1,cov149
100150,30-May-2019,30-May-2023,49438.11,cov150
100151,31-May-2019,31-May-2023,49745.12,cov151
100152,1-Jun-2019,1-Jun-2023,50052.13,cov152
100153,2-Jun-2019,2-Jun-2023,50359.14,cov153
100154,3-Jun-2019,3-Jun-2023,50666.15,cov154
100155,4-Jun-2019,4-Jun-2023,50973.16,cov155
100156,5-Jun-2019,5-Jun-2023,51280.17,cov156
100157,6-Jun-2019,6-Jun-2023,51587.18,cov157
100158,7-Jun-2019,7-Jun-2023,51894.19,cov158
100159,8-Jun-2019,8-Jun-2023,52201.2,cov159
100160,9-Jun-2019,9-Jun-2023,52508.21,cov160
100161,10-Jun-2019,10-Jun-2023,52815.22,cov161
100162,11-Jun-2019,11-Jun-2023,53122.23,cov162
100163,12-Jun-2019,12-Jun-2023,53429.24,cov163
100164,13-Jun-2019,13-Jun-2023,53736.25,cov164
100165,14-Jun-2019,14-Jun-2023,54043.26,cov165
100166,15-Jun-2019,15-Jun-2023,54350.27,cov166
100167,16-Jun-2019,16-Jun-2023,54657.28,cov167
100168,17-Jun-2019,17-Jun-2023,54964.29,cov168
100169,18-Jun-2019,18-Jun-2023,55271.3,cov169
100170,19-Jun-2019,19-Jun-2023,55578.31,cov170
100171,20-Jun-2019,20-Jun-2023,55885.32,cov171
100172,21-Jun-2019,21-Jun-2023,56192.33,cov172
100173,22-Jun-2019,22-Jun-2023,56499.34,cov173
100174,23-Jun-2019,23-Jun-2023,56806.35,cov174
100175,24-Jun-2019,24-Jun-2023,57113.36,cov175
100176,25-Jun-2019,25-Jun-2023,57420.37,cov176
100177,26-Jun-2019,26-Jun-2023,57727.38,cov177
100178,27-Jun-2019,27-Jun-2023,58034.39,cov178
100179,28-Jun-2019,28-Jun-2023,58341.4,cov179
100180,29-Jun-2019,29-Jun-2023,58648.41,cov180
100181,30-Jun-2019,30-Jun-2023,58955.42,cov181
100182,1-Jul-2019,1-Jul-2023,59262.43,cov182
100183,2-Jul-2019,2-Jul-2023,59569.44,cov183
100184,3-Jul-2019,3-Jul-2023,59876.45,cov184
100185,4-Jul-2019,4-Jul-2023,60183.46,cov185
100186,5-Jul-2019,5-Jul-2023,60490.47,cov186
100187,6-Jul-2019,6-Jul-2023,60797.48,cov187
100188,7-Jul-2019,7-Jul-2023,61104.49,cov188
100189,8-Jul-2019,8-Jul-2023,61411.5,cov189
100190,9-Jul-2019,9-Jul-2023,61718.51,cov190
100191,10-Jul-2019,10-Jul-2023,62025.52,cov191
100192,11-Jul-2019,11-Jul-2023,62332.53,cov192
100193,12-Jul-2019,12-Jul-2023,62639.54,cov193
100194,13-Jul-2019,13-Jul-2023,62946.55,cov194
100195,14-Jul-2019,14-Jul-2023,63253.56,cov195
100196,15-Jul-2019,15-Jul-2023,63560.57,cov196
100197,16-Jul-2019,16-Jul-2023,63867.58,cov197
100198,17-Jul-2019,17-Jul-2023,64174.59,cov198
100199,18-Jul-2019,18-Jul-2023,64481.6,cov199
100200,19-Jul-2019,19-Jul-2023,64788.61,cov200
100201,20-Jul-2019,20-Jul-2023,65095.62,cov201
100202,21-Jul-2019,21-Jul-2023,65402.63,cov202
100203,22-Jul-2019,22-Jul-2023,65709.64,cov203
100204,23-Jul-2019,23-Jul-2023,66016.65,cov204
100205,24-Jul-2019,24-Jul-2023,66323.66,cov205
100206,25-Jul-2019,25-Jul-2023,66630.67,cov206
100207,26-Jul-2019,26-Jul-2023,66937.68,cov207
100208,27-Jul-2019,27-Jul-2023,67244.69,cov208
100209,28-Jul-2019,28-Jul-2023,67551.7,cov209
100210,29-Jul-2019,29-Jul-2023,67858.71,cov210
100211,30-Jul-2019,30-Jul-2023,68165.72,cov211
100212,31-Jul-2019,31-Jul-2023,68472.73,cov212
100213,1-Aug-2019,1-Aug-2023,68779.74,cov213
100214,2-Aug-2019,2-Aug-2023,69086.75,cov214
100215,3-Aug-2019,3-Aug-2023,69393.76,cov215
100216,4-Aug-2019,4-Aug-2023,69700.77,cov216
100217,5-Aug-2019,5-Aug-2023,70007.78,cov217
100218,6-Aug-2019,6-Aug-2023,70314.79,cov218
100219,7-Aug-2019,7-Aug-2023,70621.8,cov219
100220,8-Aug-2019,8-Aug-2023,70928.81,cov220
100221,9-Aug-2019,9-Aug-2023,71235.82,cov221
100222,10-Aug-2019,10-Aug-2023,71542.83,cov222
100223,11-Aug-2019,11-Aug-2023,71849.84,cov223
100224,12-Aug-2019,12-Aug-2023,72156.85,cov224
100225,13-Aug-2019,13-Aug-2023,72463.86,cov225
100226,14-Aug-2019,14-Aug-2023,72770.87,cov226
100227,15-Aug-2019,15-Aug-2023,73077.88,cov227
100228,16-Aug-2019,16-Aug-2023,73384.89,cov228
100229,17-Aug-2019,17-Aug-2023,73691.9,cov229
100230,18-Aug-2019,18-Aug-2023,73998.91,cov230
100231,19-Aug-2019,19-Aug-2023,74305.92,cov231
100232,20-Aug-2019,20-Aug-2023,74612.93,cov232
100233,21-Aug-2019,21-Aug-2023,74919.94,cov233
100234,22-Aug-2019,22-Aug-2023,75226.95,cov234
100235,23-Aug-2019,23-Aug-2023,75533.96,cov235
100236,24-Aug-2019,24-Aug-2023,75840.97,cov236
100237,25-Aug-2019,25-Aug-2023,76147.98,cov237
100238,26-Aug-2019,26-Aug-2023,76454.99,cov238
100239,27-Aug-2019,27-Aug-2023,76762,cov239
100240,28-Aug-2019,28-Aug-2023,77069.01,cov240
100241,29-Aug-2019,29-Aug-2023,77376.02,cov241
100242,30-Aug-2019,30-Aug-2023,77683.03,cov242
100243,31-Aug-2019,31-Aug-2023,77990.04,cov243
100244,1-Sep-2019,1-Sep-2023,78297.05,cov244
100245,2-Sep-2019,2-Sep-2023,78604.06,cov245
100246,3-Sep-2019,3-Sep-2023,78911.07,cov246
100247,4-Sep-2019,4-Sep-2023,79218.08,cov247
100248,5-Sep-2019,5-Sep-2023,79525.09,cov248
100249,6-Sep-2019,6-Sep-2023,79832.1,cov249
100250,7-Sep-2019,7-Sep-2023,80139.11,cov250
100251,8-Sep-2019,8-Sep-2023,80446.12,cov251
100252,9-Sep-2019,9-Sep-2023,80753.13,cov252
100253,10-Sep-2019,10-Sep-2023,81060.14,cov253
100254,11-Sep-2019,11-Sep-2023,81367.15,cov254
100255,12-Sep-2019,12-Sep-2023,81674.16,cov255
100256,13-Sep-2019,13-Sep-2023,81981.17,cov256
100257,14-Sep-2019,14-Sep-2023,82288.18,cov257
100258,15-Sep-2019,15-Sep-2023,82595.19,cov258
100259,16-Sep-2019,16-Sep-2023,82902.2,cov259
100260,17-Sep-2019,17-Sep-2023,83209.21,cov260
100261,18-Sep-2019,18-Sep-2023,83516.22,cov261
100262,19-Sep-2019,19-Sep-2023,83823.23,cov262
100263,20-Sep-2019,20-Sep-2023,84130.24,cov263
100264,21-Sep-2019,21-Sep-2023,84437.25,cov264
100265,22-Sep-2019,22-Sep-2023,84744.26,cov265
100266,23-Sep-2019,23-Sep-2023,85051.27,cov266
100267,24-Sep-2019,24-Sep-2023,85358.28,cov267
100268,25-Sep-2019,25-Sep-2023,85665.29,cov268
100269,26-Sep-2019,26-Sep-2023,85972.3,cov269
100270,27-Sep-2019,27-Sep-2023,86279.31,cov270
100271,28-Sep-2019,28-Sep-2023,86586.32,cov271
100272,29-Sep-2019,29-Sep-2023,86893.33,cov272
100273,30-Sep-2019,30-Sep-2023,87200.34,cov273
100274,1-Oct-2019,1-Oct-2023,87507.35,cov274
100275,2-Oct-2019,2-Oct-2023,87814.36,cov275
100276,3-Oct-2019,3-Oct-2023,88121.37,cov276
100277,4-Oct-2019,4-Oct-2023,88428.38,cov277
100278,5-Oct-2019,5-Oct-2023,88735.39,cov278
100279,6-Oct-2019,6-Oct-2023,89042.4,cov279
100280,7-Oct-2019,7-Oct-2023,89349.41,cov280
100281,8-Oct-2019,8-Oct-2023,89656.42,cov281
100282,9-Oct-2019,9-Oct-2023,89963.43,cov282
100283,10-Oct-2019,10-Oct-2023,90270.44,cov283
100284,11-Oct-2019,11-Oct-2023,90577.45,cov284
100285,12-Oct-2019,12-Oct-2023,90884.46,cov285
100286,13-Oct-2019,13-Oct-2023,91191.47,cov286
100287,14-Oct-2019,14-Oct-2023,91498.48,cov287
100288,15-Oct-2019,15-Oct-2023,91805.49,cov288
100289,16-Oct-2019,16-Oct-2023,92112.5,cov289
100290,17-Oct-2019,17-Oct-2023,92419.51,cov290
100291,18-Oct-2019,18-Oct-2023,92726.52,cov291
100292,19-Oct-2019,19-Oct-2023,93033.53,cov292
100293,20-Oct-2019,20-Oct-2023,93340.54,cov293
100294,21-Oct-2019,21-Oct-2023,93647.55,cov294
100295,22-Oct-2019,22-Oct-2023,93954.56,cov295
100296,23-Oct-2019,23-Oct-2023,94261.57,cov296
100297,24-Oct-2019,24-Oct-2023,94568.58,cov297
100298,25-Oct-2019,25-Oct-2023,94875.59,cov298
100299,26-Oct-2019,26-Oct-2023,95182.6,cov299
100300,27-Oct-2019,27-Oct-2023,95489.61,cov300
100301,28-Oct-2019,28-Oct-2023,95796.62,cov301
100302,29-Oct-2019,29-Oct-2023,96103.63,cov302
100303,30-Oct-2019,30-Oct-2023,96410.64,cov303
100304,31-Oct-2019,31-Oct-2023,96717.65,cov304
100305,1-Nov-2019,1-Nov-2023,97024.66,cov305
100306,2-Nov-2019,2-Nov-2023,97331.67,cov306
100307,3-Nov-2019,3-Nov-2023,97638.68,cov307
100308,4-Nov-2019,4-Nov-2023,97945.69,cov308
100309,5-Nov-2019,5-Nov-2023,98252.7,cov309
100310,6-Nov-2019,6-Nov-2023,98559.71,cov310
100311,7-Nov-2019,7-Nov-2023,98866.72,cov311
100312,8-Nov-2019,8-Nov-2023,99173.73,cov312
100313,9-Nov-2019,9-Nov-2023,99480.74,cov313
100314,10-Nov-2019,10-Nov-2023,99787.75,cov314
100315,11-Nov-2019,11-Nov-2023,100094.76,cov315
100316,12-Nov-2019,12-Nov-2023,100401.77,cov316
100317,13-Nov-2019,13-Nov-2023,100708.78,cov317
100318,14-Nov-2019,14-Nov-2023,101015.79,cov318
100319,15-Nov-2019,15-Nov-2023,101322.8,cov319
100320,16-Nov-2019,16-Nov-2023,101629.81,cov320
100321,17-Nov-2019,17-Nov-2023,101936.82,cov321
100322,18-Nov-2019,18-Nov-2023,102243.83,cov322
100323,19-Nov-2019,19-Nov-2023,102550.84,cov323
100324,20-Nov-2019,20-Nov-2023,102857.85,cov324
100325,21-Nov-2019,21-Nov-2023,103164.86,cov325
100326,22-Nov-2019,22-Nov-2023,103471.87,cov326
100327,23-Nov-2019,23-Nov-2023,103778.88,cov327
100328,24-Nov-2019,24-Nov-2023,104085.89,cov328
100329,25-Nov-2019,25-Nov-2023,104392.9,cov329
100330,26-Nov-2019,26-Nov-2023,104699.91,cov330
100331,27-Nov-2019,27-Nov-2023,105006.92,cov331
100332,28-Nov-2019,28-Nov-2023,105313.93,cov332
100333,29-Nov-2019,29-Nov-2023,105620.94,cov333
100334,30-Nov-2019,30-Nov-2023,105927.95,cov334
100335,1-Dec-2019,1-Dec-2023,106234.96,cov335
100336,2-Dec-2019,2-Dec-2023,106541.97,cov336
100337,3-Dec-2019,3-Dec-2023,106848.98,cov337
100338,4-Dec-2019,4-Dec-2023,107155.99,cov338
100339,5-Dec-2019,5-Dec-2023,107463,cov339
100340,6-Dec-2019,6-Dec-2023,107770.01,cov340
100341,7-Dec-2019,7-Dec-2023,108077.02,cov341
100342,8-Dec-2019,8-Dec-2023,108384.03,cov342
100343,9-Dec-2019,9-Dec-2023,108691.04,cov343
100344,10-Dec-2019,10-Dec-2023,108998.05,cov344
100345,11-Dec-2019,11-Dec-2023,109305.06,cov345
100346,12-Dec-2019,12-Dec-2023,109612.07,cov346
100347,13-Dec-2019,13-Dec-2023,109919.08,cov347
100348,14-Dec-2019,14-Dec-2023,110226.09,cov348
100349,15-Dec-2019,15-Dec-2023,110533.1,cov349
100350,16-Dec-2019,16-Dec-2023,110840.11,cov350
100351,17-Dec-2019,17-Dec-2023,111147.12,cov351
100352,18-Dec-2019,18-Dec-2023,111454.13,cov352
100353,19-Dec-2019,19-Dec-2023,111761.14,cov353
100354,20-Dec-2019,20-Dec-2023,112068.15,cov354
100355,21-Dec-2019,21-Dec-2023,112375.16,cov355
100356,22-Dec-2019,22-Dec-2023,112682.17,cov356
100357,23-Dec-2019,23-Dec-2023,112989.18,cov357
100358,24-Dec-2019,24-Dec-2023,113296.19,cov358
100359,25-Dec-2019,25-Dec-2023,113603.2,cov359
100360,26-Dec-2019,26-Dec-2023,113910.21,cov360
100361,27-Dec-2019,27-Dec-2023,114217.22,cov361
100362,28-Dec-2019,28-Dec-2023,114524.23,cov362
100363,29-Dec-2019,29-Dec-2023,114831.24,cov363
100364,30-Dec-2019,30-Dec-2023,115138.25,cov364
100365,31-Dec-2019,31-Dec-2023,115445.26,cov365
100366,1-Jan-2020,1-Jan-2024,115752.27,cov366
100367,2-Jan-2020,2-Jan-2024,116059.28,cov367
100368,3-Jan-2020,3-Jan-2024,116366.29,cov368
100369,4-Jan-2020,4-Jan-2024,116673.3,cov369
100370,5-Jan-2020,5-Jan-2024,116980.31,cov370
100371,6-Jan-2020,6-Jan-2024,117287.32,cov371
100372,7-Jan-2020,7-Jan-2024,117594.33,cov372
100373,8-Jan-2020,8-Jan-2024,117901.34,cov373
100374,9-Jan-2020,9-Jan-2024,118208.35,cov374
100375,10-Jan-2020,10-Jan-2024,118515.36,cov375
100376,11-Jan-2020,11-Jan-2024,118822.37,cov376
100377,12-Jan-2020,12-Jan-2024,119129.38,cov377
100378,13-Jan-2020,13-Jan-2024,119436.39,cov378
100379,14-Jan-2020,14-Jan-2024,119743.4,cov379
100380,15-Jan-2020,15-Jan-2024,120050.41,cov380
100381,16-Jan-2020,16-Jan-2024,120357.42,cov381
100382,17-Jan-2020,17-Jan-2024,120664.43,cov382
100383,18-Jan-2020,18-Jan-2024,120971.44,cov383
100384,19-Jan-2020,19-Jan-2024,121278.45,cov384
100385,20-Jan-2020,20-Jan-2024,121585.46,cov385
100386,21-Jan-2020,21-Jan-2024,121892.47,cov386
100387,22-Jan-2020,22-Jan-2024,122199.48,cov387
100388,23-Jan-2020,23-Jan-2024,122506.49,cov388
100389,24-Jan-2020,24-Jan-2024,122813.5,cov389
100390,25-Jan-2020,25-Jan-2024,123120.51,cov390
100391,26-Jan-2020,26-Jan-2024,123427.52,cov391
100392,27-Jan-2020,27-Jan-2024,123734.53,cov392
100393,28-Jan-2020,28-Jan-2024,124041.54,cov393
100394,29-Jan-2020,29-Jan-2024,124348.55,cov394
100395,30-Jan-2020,30-Jan-2024,124655.56,cov395
100396,31-Jan-2020,31-Jan-2024,124962.57,cov396
100397,1-Feb-2020,1-Feb-2024,125269.58,cov397
100398,2-Feb-2020,2-Feb-2024,125576.59,cov398
100399,3-Feb-2020,3-Feb-2024,125883.6,cov399
100400,4-Feb-2020,4-Feb-2024,126190.61,cov400
100401,5-Feb-2020,5-Feb-2024,126497.62,cov401
100402,6-Feb-2020,6-Feb-2024,126804.63,cov402
100403,7-Feb-2020,7-Feb-2024,127111.64,cov403
100404,8-Feb-2020,8-Feb-2024,127418.65,cov404
100405,9-Feb-2020,9-Feb-2024,127725.66,cov405
100406,10-Feb-2020,10-Feb-2024,128032.67,cov406
100407,11-Feb-2020,11-Feb-2024,128339.68,cov407
100408,12-Feb-2020,12-Feb-2024,128646.69,cov408
100409,13-Feb-2020,13-Feb-2024,128953.7,cov409
100410,14-Feb-2020,14-Feb-2024,129260.71,cov410
100411,15-Feb-2020,15-Feb-2024,129567.72,cov411
100412,16-Feb-2020,16-Feb-2024,129874.73,cov412
100413,17-Feb-2020,17-Feb-2024,130181.74,cov413
100414,18-Feb-2020,18-Feb-2024,130488.75,cov414
100415,19-Feb-2020,19-Feb-2024,130795.76,cov415
100416,20-Feb-2020,20-Feb-2024,131102.77,cov416
100417,21-Feb-2020,21-Feb-2024,131409.78,cov417
100418,22-Feb-2020,22-Feb-2024,131716.79,cov418
100419,23-Feb-2020,23-Feb-2024,132023.8,cov419
100420,24-Feb-2020,24-Feb-2024,132330.81,cov420
100421,25-Feb-2020,25-Feb-2024,132637.82,cov421
100422,26-Feb-2020,26-Feb-2024,132944.83,cov422
100423,27-Feb-2020,27-Feb-2024,133251.84,cov423
100424,28-Feb-2020,28-Feb-2024,133558.85,cov424
100425,29-Feb-2020,29-Feb-2024,133865.86,cov425
100426,1-Mar-2020,1-Mar-2024,134172.87,cov426
100427,2-Mar-2020,2-Mar-2024,134479.88,cov427
100428,3-Mar-2020,3-Mar-2024,134786.89,cov428
100429,4-Mar-2020,4-Mar-2024,135093.9,cov429
100430,5-Mar-2020,5-Mar-2024,135400.91,cov430
100431,6-Mar-2020,6-Mar-2024,135707.92,cov431
100432,7-Mar-2020,7-Mar-2024,136014.93,cov432
100433,8-Mar-2020,8-Mar-2024,136321.94,cov433
100434,9-Mar-2020,9-Mar-2024,136628.95,cov434
100435,10-Mar-2020,10-Mar-2024,136935.96,cov435
100436,11-Mar-2020,11-Mar-2024,137242.97,cov436
100437,12-Mar-2020,12-Mar-2024,137549.98,cov437
100438,13-Mar-2020,13-Mar-2024,137856.99,cov438
100439,14-Mar-2020,14-Mar-2024,138164,cov439
100440,15-Mar-2020,15-Mar-2024,138471.01,cov440
100441,16-Mar-2020,16-Mar-2024,138778.02,cov441
100442,17-Mar-2020,17-Mar-2024,139085.03,cov442
100443,18-Mar-2020,18-Mar-2024,139392.04,cov443
100444,19-Mar-2020,19-Mar-2024,139699.05,cov444
100445,20-Mar-2020,20-Mar-2024,140006.06,cov445
100446,21-Mar-2020,21-Mar-2024,140313.07,cov446
100447,22-Mar-2020,22-Mar-2024,140620.08,cov447
100448,23-Mar-2020,23-Mar-2024,140927.09,cov448
100449,24-Mar-2020,24-Mar-2024,141234.1,cov449
100450,25-Mar-2020,25-Mar-2024,141541.11,cov450
100451,26-Mar-2020,26-Mar-2024,141848.12,cov451
100452,27-Mar-2020,27-Mar-2024,142155.13,cov452
100453,28-Mar-2020,28-Mar-2024,142462.14,cov453
100454,29-Mar-2020,29-Mar-2024,142769.15,cov454
100455,30-Mar-2020,30-Mar-2024,143076.16,cov455
100456,31-Mar-2020,31-Mar-2024,143383.17,cov456
100457,1-Apr-2020,1-Apr-2024,143690.18,cov457
100458,2-Apr-2020,2-Apr-2024,143997.19,cov458
100459,3-Apr-2020,3-Apr-2024,144304.2,cov459
100460,4-Apr-2020,4-Apr-2024,144611.21,cov460
100461,5-Apr-2020,5-Apr-2024,144918.22,cov461
100462,6-Apr-2020,6-Apr-2024,145225.23,cov462
100463,7-Apr-2020,7-Apr-2024,145532.24,cov463
100464,8-Apr-2020,8-Apr-2024,145839.25,cov464
100465,9-Apr-2020,9-Apr-2024,146146.26,cov465
100466,10-Apr-2020,10-Apr-2024,146453.27,cov466
100467,11-Apr-2020,11-Apr-2024,146760.28,cov467
100468,12-Apr-2020,12-Apr-2024,147067.29,cov468
100469,13-Apr-2020,13-Apr-2024,147374.3,cov469
100470,14-Apr-2020,14-Apr-2024,147681.31,cov470
100471,15-Apr-2020,15-Apr-2024,147988.32,cov471
100472,16-Apr-2020,16-Apr-2024,148295.33,cov472
100473,17-Apr-2020,17-Apr-2024,148602.34,cov473
100474,18-Apr-2020,18-Apr-2024,148909.35,cov474
100475,19-Apr-2020,19-Apr-2024,149216.36,cov475
100476,20-Apr-2020,20-Apr-2024,149523.37,cov476
100477,21-Apr-2020,21-Apr-2024,149830.38,cov477
100478,22-Apr-2020,22-Apr-2024,150137.39,cov478
100479,23-Apr-2020,23-Apr-2024,150444.4,cov479
100480,24-Apr-2020,24-Apr-2024,150751.41,cov480
100481,25-Apr-2020,25-Apr-2024,151058.42,cov481
100482,26-Apr-2020,26-Apr-2024,151365.43,cov482
100483,27-Apr-2020,27-Apr-2024,151672.44,cov483
100484,28-Apr-2020,28-Apr-2024,151979.45,cov484
100485,29-Apr-2020,29-Apr-2024,152286.46,cov485
100486,30-Apr-2020,30-Apr-2024,152593.47,cov486
100487,1-May-2020,1-May-2024,152900.48,cov487
100488,2-May-2020,2-May-2024,153207.49,cov488
100489,3-May-2020,3-May-2024,153514.5,cov489
100490,4-May-2020,4-May-2024,153821.51,cov490
100491,5-May-2020,5-May-2024,154128.52,cov491
100492,6-May-2020,6-May-2024,154435.53,cov492
100493,7-May-2020,7-May-2024,154742.54,cov493
100494,8-May-2020,8-May-2024,155049.55,cov494
100495,9-May-2020,9-May-2024,155356.56,cov495
100496,10-May-2020,10-May-2024,155663.57,cov496
100497,11-May-2020,11-May-2024,155970.58,cov497
100498,12-May-2020,12-May-2024,156277.59,cov498
100499,13-May-2020,13-May-2024,156584.6,cov499
100500,14-May-2020,14-May-2024,156891.61,cov500
100501,15-May-2020,15-May-2024,157198.62,cov501
100502,16-May-2020,16-May-2024,157505.63,cov502
100503,17-May-2020,17-May-2024,157812.64,cov503
100504,18-May-2020,18-May-2024,158119.65,cov504
100505,19-May-2020,19-May-2024,158426.66,cov505
100506,20-May-2020,20-May-2024,158733.67,cov506
100507,21-May-2020,21-May-2024,159040.68,cov507
100508,22-May-2020,22-May-2024,159347.69,cov508
100509,23-May-2020,23-May-2024,159654.7,cov509
100510,24-May-2020,24-May-2024,159961.71,cov510
100511,25-May-2020,25-May-2024,160268.72,cov511
100512,26-May-2020,26-May-2024,160575.73,cov512
100513,27-May-2020,27-May-2024,160882.74,cov513
100514,28-May-2020,28-May-2024,161189.75,cov514
100515,29-May-2020,29-May-2024,161496.76,cov515
100516,30-May-2020,30-May-2024,161803.77,cov516
100517,31-May-2020,31-May-2024,162110.78,cov517
100518,1-Jun-2020,1-Jun-2024,162417.79,cov518
100519,2-Jun-2020,2-Jun-2024,162724.8,cov519
100520,3-Jun-2020,3-Jun-2024,163031.81,cov520
100521,4-Jun-2020,4-Jun-2024,163338.82,cov521
100522,5-Jun-2020,5-Jun-2024,163645.83,cov522
100523,6-Jun-2020,6-Jun-2024,163952.84,cov523
100524,7-Jun-2020,7-Jun-2024,164259.85,cov524
100525,8-Jun-2020,8-Jun-2024,164566.86,cov525
100526,9-Jun-2020,9-Jun-2024,164873.87,cov526
100527,10-Jun-2020,10-Jun-2024,165180.88,cov527
100528,11-Jun-2020,11-Jun-2024,165487.89,cov528
100529,12-Jun-2020,12-Jun-2024,165794.9,cov529
100530,13-Jun-2020,13-Jun-2024,166101.91,cov530
100531,14-Jun-2020,14-Jun-2024,166408.92,cov531
100532,15-Jun-2020,15-Jun-2024,166715.93,cov532
100533,16-Jun-2020,16-Jun-2024,167022.94,cov533
100534,17-Jun-2020,17-Jun-2024,167329.95,cov534
100535,18-Jun-2020,18-Jun-2024,167636.96,cov535
100536,19-Jun-2020,19-Jun-2024,167943.97,cov536
100537,20-Jun-2020,20-Jun-2024,168250.98,cov537
100538,21-Jun-2020,21-Jun-2024,168557.99,cov538
100539,22-Jun-2020,22-Jun-2024,168865,cov539
100540,23-Jun-2020,23-Jun-2024,169172.01,cov540
100541,24-Jun-2020,24-Jun-2024,169479.02,cov541
100542,25-Jun-2020,25-Jun-2024,169786.03,cov542
100543,26-Jun-2020,26-Jun-2024,170093.04,cov543
100544,27-Jun-2020,27-Jun-2024,170400.05,cov544
100545,28-Jun-2020,28-Jun-2024,170707.06,cov545
100546,29-Jun-2020,29-Jun-2024,171014.07,cov546
100547,30-Jun-2020,30-Jun-2024,171321.08,cov547
100548,1-Jul-2020,1-Jul-2024,171628.09,cov548
100549,2-Jul-2020,2-Jul-2024,171935.1,cov549
100550,3-Jul-2020,3-Jul-2024,172242.11,cov550
100551,4-Jul-2020,4-Jul-2024,172549.12,cov551
100552,5-Jul-2020,5-Jul-2024,172856.13,cov552
100553,6-Jul-2020,6-Jul-2024,173163.14,cov553
100554,7-Jul-2020,7-Jul-2024,173470.15,cov554
100555,8-Jul-2020,8-Jul-2024,173777.16,cov555
100556,9-Jul-2020,9-Jul-2024,174084.17,cov556
100557,10-Jul-2020,10-Jul-2024,174391.18,cov557
100558,11-Jul-2020,11-Jul-2024,174698.19,cov558
100559,12-Jul-2020,12-Jul-2024,175005.2,cov559
100560,13-Jul-2020,13-Jul-2024,175312.21,cov560
100561,14-Jul-2020,14-Jul-2024,175619.22,cov561
100562,15-Jul-2020,15-Jul-2024,175926.23,cov562
100563,16-Jul-2020,16-Jul-2024,176233.24,cov563
100564,17-Jul-2020,17-Jul-2024,176540.25,cov564
100565,18-Jul-2020,18-Jul-2024,176847.26,cov565
100566,19-Jul-2020,19-Jul-2024,177154.27,cov566
100567,20-Jul-2020,20-Jul-2024,177461.28,cov567
100568,21-Jul-2020,21-Jul-2024,177768.29,cov568
100569,22-Jul-2020,22-Jul-2024,178075.3,cov569
100570,23-Jul-2020,23-Jul-2024,178382.31,cov570
100571,24-Jul-2020,24-Jul-2024,178689.32,cov571
100572,25-Jul-2020,25-Jul-2024,178996.33,cov572
100573,26-Jul-2020,26-Jul-2024,179303.34,cov573
100574,27-Jul-2020,27-Jul-2024,179610.35,cov574
100575,28-Jul-2020,28-Jul-2024,179917.36,cov575
100576,29-Jul-2020,29-Jul-2024,180224.37,cov576
100577,30-Jul-2020,30-Jul-2024,180531.38,cov577
100578,31-Jul-2020,31-Jul-2024,180838.39,cov578
100579,1-Aug-2020,1-Aug-2024,181145.4,cov579
100580,2-Aug-2020,2-Aug-2024,181452.41,cov580
100581,3-Aug-2020,3-Aug-2024,181759.42,cov581
100582,4-Aug-2020,4-Aug-2024,182066.43,cov582
100583,5-Aug-2020,5-Aug-2024,182373.44,cov583
100584,6-Aug-2020,6-Aug-2024,182680.45,cov584
100585,7-Aug-2020,7-Aug-2024,182987.46,cov585
100586,8-Aug-2020,8-Aug-2024,183294.47,cov586
100587,9-Aug-2020,9-Aug-2024,183601.48,cov587
100588,10-Aug-2020,10-Aug-2024,183908.49,cov588
100589,11-Aug-2020,11-Aug-2024,184215.5,cov589
100590,12-Aug-2020,12-Aug-2024,184522.51,cov590
100591,13-Aug-2020,13-Aug-2024,184829.52,cov591
100592,14-Aug-2020,14-Aug-2024,185136.53,cov592
100593,15-Aug-2020,15-Aug-2024,185443.54,cov593
100594,16-Aug-2020,16-Aug-2024,185750.55,cov594
100595,17-Aug-2020,17-Aug-2024,186057.56,cov595
100596,18-Aug-2020,18-Aug-2024,186364.57,cov596
100597,19-Aug-2020,19-Aug-2024,186671.58,cov597
100598,20-Aug-2020,20-Aug-2024,186978.59,cov598
100599,21-Aug-2020,21-Aug-2024,187285.6,cov599
100600,22-Aug-2020,22-Aug-2024,187592.61,cov600
100601,23-Aug-2020,23-Aug-2024,187899.62,cov601
100602,24-Aug-2020,24-Aug-2024,188206.63,cov602
100603,25-Aug-2020,25-Aug-2024,188513.64,cov603
100604,26-Aug-2020,26-Aug-2024,188820.65,cov604
100605,27-Aug-2020,27-Aug-2024,189127.66,cov605
100606,28-Aug-2020,28-Aug-2024,189434.67,cov606
100607,29-Aug-2020,29-Aug-2024,189741.68,cov607
100608,30-Aug-2020,30-Aug-2024,190048.69,cov608
100609,31-Aug-2020,31-Aug-2024,190355.7,cov609
100610,1-Sep-2020,1-Sep-2024,190662.71,cov610
100611,2-Sep-2020,2-Sep-2024,190969.72,cov611
100612,3-Sep-2020,3-Sep-2024,191276.73,cov612
100613,4-Sep-2020,4-Sep-2024,191583.74,cov613
100614,5-Sep-2020,5-Sep-2024,191890.75,cov614
100615,6-Sep-2020,6-Sep-2024,192197.76,cov615
100616,7-Sep-2020,7-Sep-2024,192504.77,cov616
100617,8-Sep-2020,8-Sep-2024,192811.78,cov617
100618,9-Sep-2020,9-Sep-2024,193118.79,cov618
100619,10-Sep-2020,10-Sep-2024,193425.8,cov619
100620,11-Sep-2020,11-Sep-2024,193732.81,cov620
100621,12-Sep-2020,12-Sep-2024,194039.82,cov621
100622,13-Sep-2020,13-Sep-2024,194346.83,cov622
100623,14-Sep-2020,14-Sep-2024,194653.84,cov623
100624,15-Sep-2020,15-Sep-2024,194960.85,cov624
100625,16-Sep-2020,16-Sep-2024,195267.86,cov625
100626,17-Sep-2020,17-Sep-2024,195574.87,cov626
100627,18-Sep-2020,18-Sep-2024,195881.88,cov627
100628,19-Sep-2020,19-Sep-2024,196188.89,cov628
100629,20-Sep-2020,20-Sep-2024,196495.9,cov629
100630,21-Sep-2020,21-Sep-2024,196802.91,cov630
100631,22-Sep-2020,22-Sep-2024,197109.92,cov631
100632,23-Sep-2020,23-Sep-2024,197416.93,cov632
100633,24-Sep-2020,24-Sep-2024,197723.94,cov633
100634,25-Sep-2020,25-Sep-2024,198030.95,cov634
100635,26-Sep-2020,26-Sep-2024,198337.96,cov635
100636,27-Sep-2020,27-Sep-2024,198644.97,cov636
100637,28-Sep-2020,28-Sep-2024,198951.98,cov637
100638,29-Sep-2020,29-Sep-2024,199258.99,cov638
100639,30-Sep-2020,30-Sep-2024,199566,cov639
100640,1-Oct-2020,1-Oct-2024,199873.01,cov640
100641,2-Oct-2020,2-Oct-2024,200180.02,cov641
100642,3-Oct-2020,3-Oct-2024,200487.03,cov642
100643,4-Oct-2020,4-Oct-2024,200794.04,cov643
100644,5-Oct-2020,5-Oct-2024,201101.05,cov644
100645,6-Oct-2020,6-Oct-2024,201408.06,cov645
100646,7-Oct-2020,7-Oct-2024,201715.07,cov646
100647,8-Oct-2020,8-Oct-2024,202022.08,cov647
100648,9-Oct-2020,9-Oct-2024,202329.09,cov648
100649,10-Oct-2020,10-Oct-2024,202636.1,cov649
100650,11-Oct-2020,11-Oct-2024,202943.11,cov650
100651,12-Oct-2020,12-Oct-2024,203250.12,cov651
100652,13-Oct-2020,13-Oct-2024,203557.13,cov652
100653,14-Oct-2020,14-Oct-2024,203864.14,cov653
100654,15-Oct-2020,15-Oct-2024,204171.15,cov654
100655,16-Oct-2020,16-Oct-2024,204478.16,cov655
100656,17-Oct-2020,17-Oct-2024,204785.17,cov656
100657,18-Oct-2020,18-Oct-2024,205092.18,cov657
100658,19-Oct-2020,19-Oct-2024,205399.19,cov658
100659,20-Oct-2020,20-Oct-2024,205706.2,cov659
100660,21-Oct-2020,21-Oct-2024,206013.21,cov660
100661,22-Oct-2020,22-Oct-2024,206320.22,cov661
100662,23-Oct-2020,23-Oct-2024,206627.23,cov662
100663,24-Oct-2020,24-Oct-2024,206934.24,cov663
100664,25-Oct-2020,25-Oct-2024,207241.25,cov664
100665,26-Oct-2020,26-Oct-2024,207548.26,cov665
100666,27-Oct-2020,27-Oct-2024,207855.27,cov666
100667,28-Oct-2020,28-Oct-2024,208162.28,cov667
100668,29-Oct-2020,29-Oct-2024,208469.29,cov668
100669,30-Oct-2020,30-Oct-2024,208776.3,cov669
100670,31-Oct-2020,31-Oct-2024,209083.31,cov670
100671,1-Nov-2020,1-Nov-2024,209390.32,cov671
100672,2-Nov-2020,2-Nov-2024,209697.33,cov672
100673,3-Nov-2020,3-Nov-2024,210004.34,cov673
100674,4-Nov-2020,4-Nov-2024,210311.35,cov674
100675,5-Nov-2020,5-Nov-2024,210618.36,cov675
100676,6-Nov-2020,6-Nov-2024,210925.37,cov676
100677,7-Nov-2020,7-Nov-2024,211232.38,cov677
100678,8-Nov-2020,8-Nov-2024,211539.39,cov678
100679,9-Nov-2020,9-Nov-2024,211846.4,cov679
100680,10-Nov-2020,10-Nov-2024,212153.41,cov680
100681,11-Nov-2020,11-Nov-2024,212460.42,cov681
100682,12-Nov-2020,12-Nov-2024,212767.43,cov682
100683,13-Nov-2020,13-Nov-2024,213074.44,cov683
100684,14-Nov-2020,14-Nov-2024,213381.45,cov684
100685,15-Nov-2020,15-Nov-2024,213688.46,cov685
100686,16-Nov-2020,16-Nov-2024,213995.47,cov686
100687,17-Nov-2020,17-Nov-2024,214302.48,cov687
100688,18-Nov-2020,18-Nov-2024,214609.49,cov688
100689,19-Nov-2020,19-Nov-2024,214916.5,cov689
100690,20-Nov-2020,20-Nov-2024,215223.51,cov690
100691,21-Nov-2020,21-Nov-2024,215530.52,cov691
100692,22-Nov-2020,22-Nov-2024,215837.53,cov692
100693,23-Nov-2020,23-Nov-2024,216144.54,cov693
100694,24-Nov-2020,24-Nov-2024,216451.55,cov694
100695,25-Nov-2020,25-Nov-2024,216758.56,cov695
100696,26-Nov-2020,26-Nov-2024,217065.57,cov696
100697,27-Nov-2020,27-Nov-2024,217372.58,cov697
100698,28-Nov-2020,28-Nov-2024,217679.59,cov698
100699,29-Nov-2020,29-Nov-2024,217986.6,cov699
100700,30-Nov-2020,30-Nov-2024,218293.61,cov700
100701,1-Dec-2020,1-Dec-2024,218600.62,cov701
100702,2-Dec-2020,2-Dec-2024,218907.63,cov702
100703,3-Dec-2020,3-Dec-2024,219214.64,cov703
100704,4-Dec-2020,4-Dec-2024,219521.65,cov704
100705,5-Dec-2020,5-Dec-2024,219828.66,cov705
100706,6-Dec-2020,6-Dec-2024,220135.67,cov706
100707,7-Dec-2020,7-Dec-2024,220442.68,cov707
100708,8-Dec-2020,8-Dec-2024,220749.69,cov708
100709,9-Dec-2020,9-Dec-2024,221056.7,cov709
100710,10-Dec-2020,10-Dec-2024,221363.71,cov710
100711,11-Dec-2020,11-Dec-2024,221670.72,cov711
100712,12-Dec-2020,12-Dec-2024,221977.73,cov712
100713,13-Dec-2020,13-Dec-2024,222284.74,cov713
100714,14-Dec-2020,14-Dec-2024,222591.75,cov714
100715,15-Dec-2020,15-Dec-2024,222898.76,cov715
100716,16-Dec-2020,16-Dec-2024,223205.77,cov716
100717,17-Dec-2020,17-Dec-2024,223512.78,cov717
100718,18-Dec-2020,18-Dec-2024,223819.79,cov718
100719,19-Dec-2020,19-Dec-2024,224126.8,cov719
100720,20-Dec-2020,20-Dec-2024,224433.81,cov720
100721,21-Dec-2020,21-Dec-2024,224740.82,cov721
100722,22-Dec-2020,22-Dec-2024,225047.83,cov722
100723,23-Dec-2020,23-Dec-2024,225354.84,cov723
100724,24-Dec-2020,24-Dec-2024,225661.85,cov724
100725,25-Dec-2020,25-Dec-2024,225968.86,cov725
100726,26-Dec-2020,26-Dec-2024,226275.87,cov726
100727,27-Dec-2020,27-Dec-2024,226582.88,cov727
100728,28-Dec-2020,28-Dec-2024,226889.89,cov728
100729,29-Dec-2020,29-Dec-2024,227196.9,cov729
100730,30-Dec-2020,30-Dec-2024,227503.91,cov730
100731,31-Dec-2020,31-Dec-2024,227810.92,cov731
100732,1-Jan-2021,1-Jan-2025,228117.93,cov732
100733,2-Jan-2021,2-Jan-2025,228424.94,cov733
100734,3-Jan-2021,3-Jan-2025,228731.95,cov734
100735,4-Jan-2021,4-Jan-2025,229038.96,cov735
100736,5-Jan-2021,5-Jan-2025,229345.97,cov736
100737,6-Jan-2021,6-Jan-2025,229652.98,cov737
100738,7-Jan-2021,7-Jan-2025,229959.99,cov738
100739,8-Jan-2021,8-Jan-2025,230267,cov739
100740,9-Jan-2021,9-Jan-2025,230574.01,cov740
100741,10-Jan-2021,10-Jan-2025,230881.02,cov741
100742,11-Jan-2021,11-Jan-2025,231188.03,cov742
100743,12-Jan-2021,12-Jan-2025,231495.04,cov743
100744,13-Jan-2021,13-Jan-2025,231802.05,cov744
100745,14-Jan-2021,14-Jan-2025,232109.06,cov745
100746,15-Jan-2021,15-Jan-2025,232416.07,cov746
100747,16-Jan-2021,16-Jan-2025,232723.08,cov747
100748,17-Jan-2021,17-Jan-2025,233030.09,cov748
100749,18-Jan-2021,18-Jan-2025,233337.1,cov749
100750,19-Jan-2021,19-Jan-2025,233644.11,cov750
100751,20-Jan-2021,20-Jan-2025,233951.12,cov751
100752,21-Jan-2021,21-Jan-2025,234258.13,cov752
100753,22-Jan-2021,22-Jan-2025,234565.14,cov753
100754,23-Jan-2021,23-Jan-2025,234872.15,cov754
100755,24-Jan-2021,24-Jan-2025,235179.16,cov755
100756,25-Jan-2021,25-Jan-2025,235486.17,cov756
100757,26-Jan-2021,26-Jan-2025,235793.18,cov757
100758,27-Jan-2021,27-Jan-2025,236100.19,cov758
100759,28-Jan-2021,28-Jan-2025,236407.2,cov759
100760,29-Jan-2021,29-Jan-2025,236714.21,cov760
100761,30-Jan-2021,30-Jan-2025,237021.22,cov761
100762,31-Jan-2021,31-Jan-2025,237328.23,cov762
100763,1-Feb-2021,1-Feb-2025,237635.24,cov763
100764,2-Feb-2021,2-Feb-2025,237942.25,cov764
100765,3-Feb-2021,3-Feb-2025,238249.26,cov765
100766,4-Feb-2021,4-Feb-2025,238556.27,cov766
100767,5-Feb-2021,5-Feb-2025,238863.28,cov767
100768,6-Feb-2021,6-Feb-2025,239170.29,cov768
100769,7-Feb-2021,7-Feb-2025,239477.3,cov769
100770,8-Feb-2021,8-Feb-2025,239784.31,cov770
100771,9-Feb-2021,9-Feb-2025,240091.32,cov771
100772,10-Feb-2021,10-Feb-2025,240398.33,cov772
100773,11-Feb-2021,11-Feb-2025,240705.34,cov773
100774,12-Feb-2021,12-Feb-2025,241012.35,cov774
100775,13-Feb-2021,13-Feb-2025,241319.36,cov775
100776,14-Feb-2021,14-Feb-2025,241626.37,cov776
100777,15-Feb-2021,15-Feb-2025,241933.38,cov777
100778,16-Feb-2021,16-Feb-2025,242240.39,cov778
100779,17-Feb-2021,17-Feb-2025,242547.4,cov779
100780,18-Feb-2021,18-Feb-2025,242854.41,cov780
100781,19-Feb-2021,19-Feb-2025,243161.42,cov781
100782,20-Feb-2021,20-Feb-2025,243468.43,cov782
100783,21-Feb-2021,21-Feb-2025,243775.44,cov783
100784,22-Feb-2021,22-Feb-2025,244082.45,cov784
100785,23-Feb-2021,23-Feb-2025,244389.46,cov785
100786,24-Feb-2021,24-Feb-2025,244696.47,cov786
100787,25-Feb-2021,25-Feb-2025,245003.48,cov787
100788,26-Feb-2021,26-Feb-2025,245310.49,cov788
100789,27-Feb-2021,27-Feb-2025,245617.5,cov789
100790,28-Feb-2021,28-Feb-2025,245924.51,cov790
100791,1-Mar-2021,1-Mar-2025,246231.52,cov791
100792,2-Mar-2021,2-Mar-2025,246538.53,cov792
100793,3-Mar-2021,3-Mar-2025,246845.54,cov793
100794,4-Mar-2021,4-Mar-2025,247152.55,cov794
100795,5-Mar-2021,5-Mar-2025,247459.56,cov795
100796,6-Mar-2021,6-Mar-2025,247766.57,cov796
100797,7-Mar-2021,7-Mar-2025,248073.58,cov797
100798,8-Mar-2021,8-Mar-2025,248380.59,cov798
100799,9-Mar-2021,9-Mar-2025,248687.6,cov799
100800,10-Mar-2021,10-Mar-2025,248994.61,cov800
100801,11-Mar-2021,11-Mar-2025,249301.62,cov801
100802,12-Mar-2021,12-Mar-2025,249608.63,cov802
100803,13-Mar-2021,13-Mar-2025,249915.64,cov803
100804,14-Mar-2021,14-Mar-2025,250222.65,cov804
100805,15-Mar-2021,15-Mar-2025,250529.66,cov805
100806,16-Mar-2021,16-Mar-2025,250836.67,cov806
100807,17-Mar-2021,17-Mar-2025,251143.68,cov807
100808,18-Mar-2021,18-Mar-2025,251450.69,cov808
100809,19-Mar-2021,19-Mar-2025,251757.7,cov809
100810,20-Mar-2021,20-Mar-2025,252064.71,cov810
100811,21-Mar-2021,21-Mar-2025,252371.72,cov811
100812,22-Mar-2021,22-Mar-2025,252678.73,cov812
100813,23-Mar-2021,23-Mar-2025,252985.74,cov813
100814,24-Mar-2021,24-Mar-2025,253292.75,cov814
100815,25-Mar-2021,25-Mar-2025,253599.76,cov815
100816,26-Mar-2021,26-Mar-2025,253906.77,cov816
100817,27-Mar-2021,27-Mar-2025,254213.78,cov817
100818,28-Mar-2021,28-Mar-2025,254520.79,cov818
100819,29-Mar-2021,29-Mar-2025,254827.8,cov819
100820,30-Mar-2021,30-Mar-2025,255134.81,cov820
100821,31-Mar-2021,31-Mar-2025,255441.82,cov821
100822,1-Apr-2021,1-Apr-2025,255748.83,cov822
100823,2-Apr-2021,2-Apr-2025,256055.84,cov823
100824,3-Apr-2021,3-Apr-2025,256362.85,cov824
100825,4-Apr-2021,4-Apr-2025,256669.86,cov825
100826,5-Apr-2021,5-Apr-2025,256976.87,cov826
100827,6-Apr-2021,6-Apr-2025,257283.88,cov827
100828,7-Apr-2021,7-Apr-2025,257590.89,cov828
100829,8-Apr-2021,8-Apr-2025,257897.9,cov829
100830,9-Apr-2021,9-Apr-2025,258204.91,cov830
100831,10-Apr-2021,10-Apr-2025,258511.92,cov831
100832,11-Apr-2021,11-Apr-2025,258818.93,cov832
100833,12-Apr-2021,12-Apr-2025,259125.94,cov833
100834,13-Apr-2021,13-Apr-2025,259432.95,cov834
100835,14-Apr-2021,14-Apr-2025,259739.96,cov835
100836,15-Apr-2021,15-Apr-2025,260046.97,cov836
100837,16-Apr-2021,16-Apr-2025,260353.98,cov837
100838,17-Apr-2021,17-Apr-2025,260660.99,cov838
100839,18-Apr-2021,18-Apr-2025,260968,cov839
100840,19-Apr-2021,19-Apr-2025,261275.01,cov840
100841,20-Apr-2021,20-Apr-2025,261582.02,cov841
100842,21-Apr-2021,21-Apr-2025,261889.03,cov842
100843,22-Apr-2021,22-Apr-2025,262196.04,cov843
100844,23-Apr-2021,23-Apr-2025,262503.05,cov844
100845,24-Apr-2021,24-Apr-2025,262810.06,cov845
100846,25-Apr-2021,25-Apr-2025,263117.07,cov846
100847,26-Apr-2021,26-Apr-2025,263424.08,cov847
100848,27-Apr-2021,27-Apr-2025,263731.09,cov848
100849,28-Apr-2021,28-Apr-2025,264038.1,cov849
100850,29-Apr-2021,29-Apr-2025,264345.11,cov850
100851,30-Apr-2021,30-Apr-2025,264652.12,cov851
100852,1-May-2021,1-May-2025,264959.13,cov852
100853,2-May-2021,2-May-2025,265266.14,cov853
100854,3-May-2021,3-May-2025,265573.15,cov854
100855,4-May-2021,4-May-2025,265880.16,cov855
100856,5-May-2021,5-May-2025,266187.17,cov856
100857,6-May-2021,6-May-2025,266494.18,cov857
100858,7-May-2021,7-May-2025,266801.19,cov858
100859,8-May-2021,8-May-2025,267108.2,cov859
100860,9-May-2021,9-May-2025,267415.21,cov860
100861,10-May-2021,10-May-2025,267722.22,cov861
100862,11-May-2021,11-May-2025,268029.23,cov862
100863,12-May-2021,12-May-2025,268336.24,cov863
100864,13-May-2021,13-May-2025,268643.25,cov864
100865,14-May-2021,14-May-2025,268950.26,cov865
100866,15-May-2021,15-May-2025,269257.27,cov866
100867,16-May-2021,16-May-2025,269564.28,cov867
100868,17-May-2021,17-May-2025,269871.29,cov868
100869,18-May-2021,18-May-2025,270178.3,cov869
100870,19-May-2021,19-May-2025,270485.31,cov870
100871,20-May-2021,20-May-2025,270792.32,cov871
100872,21-May-2021,21-May-2025,271099.33,cov872
100873,22-May-2021,22-May-2025,271406.34,cov873
100874,23-May-2021,23-May-2025,271713.35,cov874
100875,24-May-2021,24-May-2025,272020.36,cov875
100876,25-May-2021,25-May-2025,272327.37,cov876
100877,26-May-2021,26-May-2025,272634.38,cov877
100878,27-May-2021,27-May-2025,272941.39,cov878
100879,28-May-2021,28-May-2025,273248.4,cov879
100880,29-May-2021,29-May-2025,273555.41,cov880
100881,30-May-2021,30-May-2025,273862.42,cov881
100882,31-May-2021,31-May-2025,274169.43,cov882
100883,1-Jun-2021,1-Jun-2025,274476.44,cov883
100884,2-Jun-2021,2-Jun-2025,274783.45,cov884
100885,3-Jun-2021,3-Jun-2025,275090.46,cov885
100886,4-Jun-2021,4-Jun-2025,275397.47,cov886
100887,5-Jun-2021,5-Jun-2025,275704.48,cov887
100888,6-Jun-2021,6-Jun-2025,276011.49,cov888
100889,7-Jun-2021,7-Jun-2025,276318.5,cov889
100890,8-Jun-2021,8-Jun-2025,276625.51,cov890
100891,9-Jun-2021,9-Jun-2025,276932.52,cov891
100892,10-Jun-2021,10-Jun-2025,277239.53,cov892
100893,11-Jun-2021,11-Jun-2025,277546.54,cov893
100894,12-Jun-2021,12-Jun-2025,277853.55,cov894
100895,13-Jun-2021,13-Jun-2025,278160.56,cov895
100896,14-Jun-2021,14-Jun-2025,278467.57,cov896
100897,15-Jun-2021,15-Jun-2025,278774.58,cov897
100898,16-Jun-2021,16-Jun-2025,279081.59,cov898
100899,17-Jun-2021,17-Jun-2025,279388.6,cov899
100900,18-Jun-2021,18-Jun-2025,279695.61,cov900
100901,19-Jun-2021,19-Jun-2025,280002.62,cov901
100902,20-Jun-2021,20-Jun-2025,280309.63,cov902
100903,21-Jun-2021,21-Jun-2025,280616.64,cov903
100904,22-Jun-2021,22-Jun-2025,280923.65,cov904
100905,23-Jun-2021,23-Jun-2025,281230.66,cov905
100906,24-Jun-2021,24-Jun-2025,281537.67,cov906
100907,25-Jun-2021,25-Jun-2025,281844.68,cov907
100908,26-Jun-2021,26-Jun-2025,282151.69,cov908
100909,27-Jun-2021,27-Jun-2025,282458.7,cov909
100910,28-Jun-2021,28-Jun-2025,282765.71,cov910
100911,29-Jun-2021,29-Jun-2025,283072.72,cov911
100912,30-Jun-2021,30-Jun-2025,283379.73,cov912
100913,1-Jul-2021,1-Jul-2025,283686.74,cov913
100914,2-Jul-2021,2-Jul-2025,283993.75,cov914
100915,3-Jul-2021,3-Jul-2025,284300.76,cov915
100916,4-Jul-2021,4-Jul-2025,284607.77,cov916
100917,5-Jul-2021,5-Jul-2025,284914.78,cov917
100918,6-Jul-2021,6-Jul-2025,285221.79,cov918
100919,7-Jul-2021,7-Jul-2025,285528.8,cov919
100920,8-Jul-2021,8-Jul-2025,285835.81,cov920
100921,9-Jul-2021,9-Jul-2025,286142.82,cov921
100922,10-Jul-2021,10-Jul-2025,286449.83,cov922
100923,11-Jul-2021,11-Jul-2025,286756.84,cov923
100924,12-Jul-2021,12-Jul-2025,287063.85,cov924
100925,13-Jul-2021,13-Jul-2025,287370.86,cov925
100926,14-Jul-2021,14-Jul-2025,287677.87,cov926
100927,15-Jul-2021,15-Jul-2025,287984.88,cov927
100928,16-Jul-2021,16-Jul-2025,288291.89,cov928
100929,17-Jul-2021,17-Jul-2025,288598.9,cov929
100930,18-Jul-2021,18-Jul-2025,288905.91,cov930
100931,19-Jul-2021,19-Jul-2025,289212.92,cov931
100932,20-Jul-2021,20-Jul-2025,289519.93,cov932
100933,21-Jul-2021,21-Jul-2025,289826.94,cov933
100934,22-Jul-2021,22-Jul-2025,290133.95,cov934
100935,23-Jul-2021,23-Jul-2025,290440.96,cov935
100936,24-Jul-2021,24-Jul-2025,290747.97,cov936
100937,25-Jul-2021,25-Jul-2025,291054.98,cov937
100938,26-Jul-2021,26-Jul-2025,291361.99,cov938
100939,27-Jul-2021,27-Jul-2025,291669,cov939
100940,28-Jul-2021,28-Jul-2025,291976.01,cov940
100941,29-Jul-2021,29-Jul-2025,292283.02,cov941
100942,30-Jul-2021,30-Jul-2025,292590.03,cov942
100943,31-Jul-2021,31-Jul-2025,292897.04,cov943
100944,1-Aug-2021,1-Aug-2025,293204.05,cov944
100945,2-Aug-2021,2-Aug-2025,293511.06,cov945
100946,3-Aug-2021,3-Aug-2025,293818.07,cov946
100947,4-Aug-2021,4-Aug-2025,294125.08,cov947
100948,5-Aug-2021,5-Aug-2025,294432.09,cov948
100949,6-Aug-2021,6-Aug-2025,294739.1,cov949
100950,7-Aug-2021,7-Aug-2025,295046.11,cov950
100951,8-Aug-2021,8-Aug-2025,295353.12,cov951
100952,9-Aug-2021,9-Aug-2025,295660.13,cov952
100953,10-Aug-2021,10-Aug-2025,295967.14,cov953
100954,11-Aug-2021,11-Aug-2025,296274.15,cov954
100955,12-Aug-2021,12-Aug-2025,296581.16,cov955
100956,13-Aug-2021,13-Aug-2025,296888.17,cov956
100957,14-Aug-2021,14-Aug-2025,297195.18,cov957
100958,15-Aug-2021,15-Aug-2025,297502.19,cov958
100959,16-Aug-2021,16-Aug-2025,297809.2,cov959
100960,17-Aug-2021,17-Aug-2025,298116.21,cov960
100961,18-Aug-2021,18-Aug-2025,298423.22,cov961
100962,19-Aug-2021,19-Aug-2025,298730.23,cov962
100963,20-Aug-2021,20-Aug-2025,299037.24,cov963
100964,21-Aug-2021,21-Aug-2025,299344.25,cov964
100965,22-Aug-2021,22-Aug-2025,299651.26,cov965
100966,23-Aug-2021,23-Aug-2025,299958.27,cov966
100967,24-Aug-2021,24-Aug-2025,300265.28,cov967
100968,25-Aug-2021,25-Aug-2025,300572.29,cov968
100969,26-Aug-2021,26-Aug-2025,300879.3,cov969
100970,27-Aug-2021,27-Aug-2025,301186.31,cov970
100971,28-Aug-2021,28-Aug-2025,301493.32,cov971
100972,29-Aug-2021,29-Aug-2025,301800.33,cov972
100973,30-Aug-2021,30-Aug-2025,302107.34,cov973
100974,31-Aug-2021,31-Aug-2025,302414.35,cov974
100975,1-Sep-2021,1-Sep-2025,302721.36,cov975
100976,2-Sep-2021,2-Sep-2025,303028.37,cov976
100977,3-Sep-2021,3-Sep-2025,303335.38,cov977
100978,4-Sep-2021,4-Sep-2025,303642.39,cov978
100979,5-Sep-2021,5-Sep-2025,303949.4,cov979
100980,6-Sep-2021,6-Sep-2025,304256.41,cov980
100981,7-Sep-2021,7-Sep-2025,304563.42,cov981
100982,8-Sep-2021,8-Sep-2025,304870.43,cov982
100983,9-Sep-2021,9-Sep-2025,305177.44,cov983
100984,10-Sep-2021,10-Sep-2025,305484.45,cov984
100985,11-Sep-2021,11-Sep-2025,305791.46,cov985
100986,12-Sep-2021,12-Sep-2025,306098.47,cov986
100987,13-Sep-2021,13-Sep-2025,306405.48,cov987
100988,14-Sep-2021,14-Sep-2025,306712.49,cov988
100989,15-Sep-2021,15-Sep-2025,307019.5,cov989
100990,16-Sep-2021,16-Sep-2025,307326.51,cov990
100991,17-Sep-2021,17-Sep-2025,307633.52,cov991
100992,18-Sep-2021,18-Sep-2025,307940.53,cov992
100993,19-Sep-2021,19-Sep-2025,308247.54,cov993
100994,20-Sep-2021,20-Sep-2025,308554.55,cov994
100995,21-Sep-2021,21-Sep-2025,308861.56,cov995
100996,22-Sep-2021,22-Sep-2025,309168.57,cov996
100997,23-Sep-2021,23-Sep-2025,309475.58,cov997
100998,24-Sep-2021,24-Sep-2025,309782.59,cov998
100999,25-Sep-2021,25-Sep-2025,310089.6,cov999
101000,26-Sep-2021,26-Sep-2025,310396.61,cov1000
101001,27-Sep-2021,27-Sep-2025,310703.62,cov1001
101002,28-Sep-2021,28-Sep-2025,311010.63,cov1002
101003,29-Sep-2021,29-Sep-2025,311317.64,cov1003
101004,30-Sep-2021,30-Sep-2025,311624.65,cov1004
101005,1-Oct-2021,1-Oct-2025,311931.66,cov1005
101006,2-Oct-2021,2-Oct-2025,312238.67,cov1006
101007,3-Oct-2021,3-Oct-2025,312545.68,cov1007
101008,4-Oct-2021,4-Oct-2025,312852.69,cov1008
101009,5-Oct-2021,5-Oct-2025,313159.7,cov1009
101010,6-Oct-2021,6-Oct-2025,313466.71,cov1010
101011,7-Oct-2021,7-Oct-2025,313773.72,cov1011
101012,8-Oct-2021,8-Oct-2025,314080.73,cov1012
101013,9-Oct-2021,9-Oct-2025,314387.74,cov1013
101014,10-Oct-2021,10-Oct-2025,314694.75,cov1014
101015,11-Oct-2021,11-Oct-2025,315001.76,cov1015
101016,12-Oct-2021,12-Oct-2025,315308.77,cov1016
101017,13-Oct-2021,13-Oct-2025,315615.78,cov1017
101018,14-Oct-2021,14-Oct-2025,315922.79,cov1018
101019,15-Oct-2021,15-Oct-2025,316229.8,cov1019
101020,16-Oct-2021,16-Oct-2025,316536.81,cov1020
101021,17-Oct-2021,17-Oct-2025,316843.82,cov1021
101022,18-Oct-2021,18-Oct-2025,317150.83,cov1022
101023,19-Oct-2021,19-Oct-2025,317457.84,cov1023
101024,20-Oct-2021,20-Oct-2025,317764.85,cov1024
101025,21-Oct-2021,21-Oct-2025,318071.86,cov1025
101026,22-Oct-2021,22-Oct-2025,318378.87,cov1026
101027,23-Oct-2021,23-Oct-2025,318685.88,cov1027
101028,24-Oct-2021,24-Oct-2025,318992.89,cov1028
101029,25-Oct-2021,25-Oct-2025,319299.9,cov1029
101030,26-Oct-2021,26-Oct-2025,319606.91,cov1030
101031,27-Oct-2021,27-Oct-2025,319913.92,cov1031
101032,28-Oct-2021,28-Oct-2025,320220.93,cov1032
101033,29-Oct-2021,29-Oct-2025,320527.94,cov1033
101034,30-Oct-2021,30-Oct-2025,320834.95,cov1034
101035,31-Oct-2021,31-Oct-2025,321141.96,cov1035
101036,1-Nov-2021,1-Nov-2025,321448.97,cov1036
101037,2-Nov-2021,2-Nov-2025,321755.98,cov1037
101038,3-Nov-2021,3-Nov-2025,322062.99,cov1038
101039,4-Nov-2021,4-Nov-2025,322370,cov1039
101040,5-Nov-2021,5-Nov-2025,322677.01,cov1040
101041,6-Nov-2021,6-Nov-2025,322984.02,cov1041
101042,7-Nov-2021,7-Nov-2025,323291.03,cov1042
101043,8-Nov-2021,8-Nov-2025,323598.04,cov1043
101044,9-Nov-2021,9-Nov-2025,323905.05,cov1044
101045,10-Nov-2021,10-Nov-2025,324212.06,cov1045
101046,11-Nov-2021,11-Nov-2025,324519.07,cov1046
101047,12-Nov-2021,12-Nov-2025,324826.08,cov1047
101048,13-Nov-2021,13-Nov-2025,325133.09,cov1048
101049,14-Nov-2021,14-Nov-2025,325440.1,cov1049
101050,15-Nov-2021,15-Nov-2025,325747.11,cov1050
101051,16-Nov-2021,16-Nov-2025,326054.12,cov1051
101052,17-Nov-2021,17-Nov-2025,326361.13,cov1052
101053,18-Nov-2021,18-Nov-2025,326668.14,cov1053
101054,19-Nov-2021,19-Nov-2025,326975.15,cov1054
101055,20-Nov-2021,20-Nov-2025,327282.16,cov1055
101056,21-Nov-2021,21-Nov-2025,327589.17,cov1056
101057,22-Nov-2021,22-Nov-2025,327896.18,cov1057
101058,23-Nov-2021,23-Nov-2025,328203.19,cov1058
101059,24-Nov-2021,24-Nov-2025,328510.2,cov1059
